{"count":1,"gauges":{},"self":74.9265216,"total":75.148828999999992,"children":{"AgentSendState":{"count":3728,"self":0.1020406,"total":0.1172482,"children":{"CollectObservations":{"count":373,"self":0.0094133,"total":0.0094133,"children":null},"CollectDiscreteActionMasks":{"count":373,"self":0.0057943,"total":0.0057943,"children":null}}},"DecideAction":{"count":3728,"self":0.0350009,"total":0.0350009,"children":null},"AgentAct":{"count":3728,"self":0.067065699999999992,"total":0.067065699999999992,"children":null}}}